Text,pin
"Lyra's eyes flutter open, her mind still reeling from the vivid dream ",exposition
"She sits up in bed, rubbing the salt from her lips, tasting the tangy sensation once more ",description
"""What is wrong with me?"" she whispers to herself, tossing off the covers and standing up ",dialogue
The moon casts an eerie glow on the dark room as Lyra walks over to the window ,description
She stares out at the vast expanse of sand and rock that was once a mighty ocean ,exposition
A shiver runs down her spine as she recalls the dreams: feeling the ocean's waves crashing against her skin ,actions
"""No, no, this is ridiculous,"" Lyra mutters, shaking off the memories and focusing on the present ",dialogue
"She tries to distract herself with a book on marine biology, but the words blur together as her mind wanders back to the dreams ",exposition
"The sound of the wind whipping through the empty streets outside is like the howl of a siren, beckoning her to the sea ",description
"Lyra's fingers ache for the familiar feel of sand between them, the way the grains slipped through her fingers like grains of time itself ",actions
"""What if I really did live by the ocean?"" she wonders aloud, a spark of curiosity igniting within her ",dialogue
"The memory of a boy with piercing blue eyes swims into focus, his hand brushing against hers as they walked along the beach ",exposition
Lyra's breath catches in her throat as she recalls the sensation of sun-kissed skin and sea-salted hair ,description
"She tries to shake off the image, telling herself it was just a dream, but the ache within her persists ",actions
"""Who was he?"" Lyra whispers, searching for answers in the depths of her own mind ",dialogue
"A fragment of a conversation echoes through her memories: a promise made on a moonlit night, a vow to return to the sea together ",exposition
"Tears prick at the corners of Lyra's eyes as she realizes the truth: she had left behind not only the ocean, but also a piece of herself ",description
"The taste of salt lingers on her lips once more, a bittersweet reminder of what she's lost and longs for ",exposition
"Lyra takes a step forward, toward the window, as if drawn by an unseen force to reclaim her past ",actions
"""I have to know,"" she says to herself, her voice steady but her heart racing with anticipation ",dialogue
"The darkness outside seems to grow thicker, more oppressive, as Lyra's determination solidifies into a resolute decision ",exposition
"She glances around the room, a fleeting thought crossing her mind: what if she's not just remembering the past, but forging a new path? ",actions
"""I'll find out,"" Lyra says to herself, the conviction in her voice echoing through the empty spaces of her heart ",dialogue
"The moon dips below the horizon as Lyra steps into the night, leaving behind the familiar comfort of her room for the siren's call of the sea ",description
"The wind picks up, whipping the sand into miniature dunes that dance in time with Lyra's footsteps ",exposition
"She walks without purpose or direction, following an instinct born from the dreams and memories stirring within her ",actions
"""Where am I going?"" she asks aloud, but there is no answer, only the whisper of the wind through the sand dunes ",dialogue
The stars twinkle like diamonds scattered across the velvet blackness as Lyra reaches out with an open heart to reclaim what's been lost ,description
"A glint of light appears on the horizon, and Lyra's footsteps quicken in response, her soul responding to a primal call that cannot be ignored ",exposition
"She emerges from the dunes into a breathtaking view: the vast expanse of an ocean, its waves crashing against the shore with a roar that awakens something deep within her ",description
